{"cameraMode":{"drawMode":0,"name":"Shaded","section":"Shading Mode"},"sceneLighting":false,"audioPlay":false,"sceneViewState":{"m_AlwaysRefresh":false,"showFog":true,"showSkybox":false,"showFlares":true,"showImageEffects":true,"showParticleSystems":true,"showVisualEffectGraphs":true,"m_FxEnabled":true},"in2DMode":false,"pivot":{"x":-2.390000104904175,"y":-0.10000002384185791,"z":-1.1920928955078126e-7},"rotation":{"x":0.10779085755348206,"y":0.0029850059654563667,"z":-0.00029097218066453934,"w":0.9941922426223755},"size":1.4322736263275147,"orthographic":false}