{"cameraMode":{"drawMode":0,"name":"Shaded","section":"Shading Mode"},"sceneLighting":false,"audioPlay":false,"sceneViewState":{"m_AlwaysRefresh":false,"showFog":true,"showSkybox":false,"showFlares":true,"showImageEffects":true,"showParticleSystems":true,"showVisualEffectGraphs":true,"m_FxEnabled":true},"in2DMode":false,"pivot":{"x":-1.5547230243682862,"y":0.3332052528858185,"z":-3.0328497886657717},"rotation":{"x":0.272696852684021,"y":-0.027420323342084886,"z":0.0077729905024170879,"w":0.9616817235946655},"size":2.219536781311035,"orthographic":false}