{"cameraMode":{"drawMode":0,"name":"Shaded","section":"Shading Mode"},"sceneLighting":false,"audioPlay":false,"sceneViewState":{"m_AlwaysRefresh":false,"showFog":true,"showSkybox":false,"showFlares":true,"showImageEffects":true,"showParticleSystems":true,"showVisualEffectGraphs":true,"m_FxEnabled":true},"in2DMode":false,"pivot":{"x":-2.930000066757202,"y":0.08499997854232788,"z":-2.384185791015625e-7},"rotation":{"x":0.1241714358329773,"y":0.011910592205822468,"z":-0.0014509924221783877,"w":0.9922087788581848},"size":2.304253339767456,"orthographic":false}