{"cameraMode":{"drawMode":0,"name":"Shaded","section":"Shading Mode"},"sceneLighting":false,"audioPlay":false,"sceneViewState":{"m_AlwaysRefresh":false,"showFog":true,"showSkybox":false,"showFlares":true,"showImageEffects":true,"showParticleSystems":true,"showVisualEffectGraphs":true,"m_FxEnabled":true},"in2DMode":false,"pivot":{"x":-0.6168117523193359,"y":0.8459279537200928,"z":62.65373992919922},"rotation":{"x":0.20347006618976594,"y":-0.46846145391464236,"z":0.11181925237178803,"w":0.8524320721626282},"size":12.624921798706055,"orthographic":false}