{"cameraMode":{"drawMode":0,"name":"Shaded","section":"Shading Mode"},"sceneLighting":true,"audioPlay":false,"sceneViewState":{"m_AlwaysRefresh":false,"showFog":true,"showSkybox":true,"showFlares":true,"showImageEffects":true,"showParticleSystems":true,"showVisualEffectGraphs":true,"m_FxEnabled":true},"in2DMode":false,"pivot":{"x":-2.089301586151123,"y":-5.751202583312988,"z":16.61876678466797},"rotation":{"x":0.15981554985046388,"y":-0.0014731927076354623,"z":0.00029818955226801336,"w":0.9871741533279419},"size":14.441970825195313,"orthographic":false}